{
    "$schema": "https://schema.management.azure.com/schemas/2015-01-01/deploymentTemplate.json#",
    "contentVersion": "1.0.0.0",
    "parameters": {
        "server_name": {
            "defaultValue": "demo",
            "type": "String"
        },
        "region_code": {
            "defaultValue": "southeastasia",
            "type": "String"
        }
    },
    "variables": {},
    "resources": [
        {
            "type": "Microsoft.DBforPostgreSQL/servers",
            "apiVersion": "2017-12-01",
            "name": "[parameters('server_name')]",
            "location": "[parameters('region_code')]",
            "sku": {
                "name": "GP_Gen5_4",
                "tier": "GeneralPurpose",
                "family": "Gen5",
                "capacity": 4
            },
            "properties": {
                "storageProfile": {
                    "storageMB": 102400,
                    "backupRetentionDays": 7,
                    "geoRedundantBackup": "Disabled",
                    "storageAutogrow": "Enabled"
                },
                "version": "10",
                "sslEnforcement": "Enabled"
            }
        },
        {
            "type": "Microsoft.DBforPostgreSQL/servers/configurations",
            "apiVersion": "2017-12-01",
            "name": "[concat(parameters('server_name'), '/array_nulls')]",
            "dependsOn": [
                "[resourceId('Microsoft.DBforPostgreSQL/servers', parameters('server_name'))]"
            ],
            "properties": {
                "value": "on",
                "source": "system-default"
            }
        },
        {
            "type": "Microsoft.DBforPostgreSQL/servers/configurations",
            "apiVersion": "2017-12-01",
            "name": "[concat(parameters('server_name'), '/azure.replication_support')]",
            "dependsOn": [
                "[resourceId('Microsoft.DBforPostgreSQL/servers', parameters('server_name'))]"
            ],
            "properties": {
                "value": "REPLICA",
                "source": "user-override"
            }
        },
        {
            "type": "Microsoft.DBforPostgreSQL/servers/configurations",
            "apiVersion": "2017-12-01",
            "name": "[concat(parameters('server_name'), '/backslash_quote')]",
            "dependsOn": [
                "[resourceId('Microsoft.DBforPostgreSQL/servers', parameters('server_name'))]"
            ],
            "properties": {
                "value": "safe_encoding",
                "source": "system-default"
            }
        },
        {
            "type": "Microsoft.DBforPostgreSQL/servers/configurations",
            "apiVersion": "2017-12-01",
            "name": "[concat(parameters('server_name'), '/bytea_output')]",
            "dependsOn": [
                "[resourceId('Microsoft.DBforPostgreSQL/servers', parameters('server_name'))]"
            ],
            "properties": {
                "value": "hex",
                "source": "system-default"
            }
        },
        {
            "type": "Microsoft.DBforPostgreSQL/servers/configurations",
            "apiVersion": "2017-12-01",
            "name": "[concat(parameters('server_name'), '/check_function_bodies')]",
            "dependsOn": [
                "[resourceId('Microsoft.DBforPostgreSQL/servers', parameters('server_name'))]"
            ],
            "properties": {
                "value": "on",
                "source": "system-default"
            }
        },
        {
            "type": "Microsoft.DBforPostgreSQL/servers/configurations",
            "apiVersion": "2017-12-01",
            "name": "[concat(parameters('server_name'), '/client_encoding')]",
            "dependsOn": [
                "[resourceId('Microsoft.DBforPostgreSQL/servers', parameters('server_name'))]"
            ],
            "properties": {
                "value": "sql_ascii",
                "source": "system-default"
            }
        },
        {
            "type": "Microsoft.DBforPostgreSQL/servers/configurations",
            "apiVersion": "2017-12-01",
            "name": "[concat(parameters('server_name'), '/client_min_messages')]",
            "dependsOn": [
                "[resourceId('Microsoft.DBforPostgreSQL/servers', parameters('server_name'))]"
            ],
            "properties": {
                "value": "notice",
                "source": "system-default"
            }
        },
        {
            "type": "Microsoft.DBforPostgreSQL/servers/configurations",
            "apiVersion": "2017-12-01",
            "name": "[concat(parameters('server_name'), '/connection_throttling')]",
            "dependsOn": [
                "[resourceId('Microsoft.DBforPostgreSQL/servers', parameters('server_name'))]"
            ],
            "properties": {
                "value": "on",
                "source": "system-default"
            }
        },
        {
            "type": "Microsoft.DBforPostgreSQL/servers/configurations",
            "apiVersion": "2017-12-01",
            "name": "[concat(parameters('server_name'), '/constraint_exclusion')]",
            "dependsOn": [
                "[resourceId('Microsoft.DBforPostgreSQL/servers', parameters('server_name'))]"
            ],
            "properties": {
                "value": "partition",
                "source": "system-default"
            }
        },
        {
            "type": "Microsoft.DBforPostgreSQL/servers/configurations",
            "apiVersion": "2017-12-01",
            "name": "[concat(parameters('server_name'), '/cpu_index_tuple_cost')]",
            "dependsOn": [
                "[resourceId('Microsoft.DBforPostgreSQL/servers', parameters('server_name'))]"
            ],
            "properties": {
                "value": "0.005",
                "source": "system-default"
            }
        },
        {
            "type": "Microsoft.DBforPostgreSQL/servers/configurations",
            "apiVersion": "2017-12-01",
            "name": "[concat(parameters('server_name'), '/cpu_operator_cost')]",
            "dependsOn": [
                "[resourceId('Microsoft.DBforPostgreSQL/servers', parameters('server_name'))]"
            ],
            "properties": {
                "value": "0.0025",
                "source": "system-default"
            }
        },
        {
            "type": "Microsoft.DBforPostgreSQL/servers/configurations",
            "apiVersion": "2017-12-01",
            "name": "[concat(parameters('server_name'), '/cpu_tuple_cost')]",
            "dependsOn": [
                "[resourceId('Microsoft.DBforPostgreSQL/servers', parameters('server_name'))]"
            ],
            "properties": {
                "value": "0.01",
                "source": "system-default"
            }
        },
        {
            "type": "Microsoft.DBforPostgreSQL/servers/configurations",
            "apiVersion": "2017-12-01",
            "name": "[concat(parameters('server_name'), '/cursor_tuple_fraction')]",
            "dependsOn": [
                "[resourceId('Microsoft.DBforPostgreSQL/servers', parameters('server_name'))]"
            ],
            "properties": {
                "value": "0.1",
                "source": "system-default"
            }
        },
        {
            "type": "Microsoft.DBforPostgreSQL/servers/configurations",
            "apiVersion": "2017-12-01",
            "name": "[concat(parameters('server_name'), '/datestyle')]",
            "dependsOn": [
                "[resourceId('Microsoft.DBforPostgreSQL/servers', parameters('server_name'))]"
            ],
            "properties": {
                "value": "iso, mdy",
                "source": "system-default"
            }
        },
        {
            "type": "Microsoft.DBforPostgreSQL/servers/configurations",
            "apiVersion": "2017-12-01",
            "name": "[concat(parameters('server_name'), '/deadlock_timeout')]",
            "dependsOn": [
                "[resourceId('Microsoft.DBforPostgreSQL/servers', parameters('server_name'))]"
            ],
            "properties": {
                "value": "1000",
                "source": "system-default"
            }
        },
        {
            "type": "Microsoft.DBforPostgreSQL/servers/configurations",
            "apiVersion": "2017-12-01",
            "name": "[concat(parameters('server_name'), '/debug_print_parse')]",
            "dependsOn": [
                "[resourceId('Microsoft.DBforPostgreSQL/servers', parameters('server_name'))]"
            ],
            "properties": {
                "value": "off",
                "source": "system-default"
            }
        },
        {
            "type": "Microsoft.DBforPostgreSQL/servers/configurations",
            "apiVersion": "2017-12-01",
            "name": "[concat(parameters('server_name'), '/debug_print_plan')]",
            "dependsOn": [
                "[resourceId('Microsoft.DBforPostgreSQL/servers', parameters('server_name'))]"
            ],
            "properties": {
                "value": "off",
                "source": "system-default"
            }
        },
        {
            "type": "Microsoft.DBforPostgreSQL/servers/configurations",
            "apiVersion": "2017-12-01",
            "name": "[concat(parameters('server_name'), '/debug_print_rewritten')]",
            "dependsOn": [
                "[resourceId('Microsoft.DBforPostgreSQL/servers', parameters('server_name'))]"
            ],
            "properties": {
                "value": "off",
                "source": "system-default"
            }
        },
        {
            "type": "Microsoft.DBforPostgreSQL/servers/configurations",
            "apiVersion": "2017-12-01",
            "name": "[concat(parameters('server_name'), '/default_statistics_target')]",
            "dependsOn": [
                "[resourceId('Microsoft.DBforPostgreSQL/servers', parameters('server_name'))]"
            ],
            "properties": {
                "value": "100",
                "source": "system-default"
            }
        },
        {
            "type": "Microsoft.DBforPostgreSQL/servers/configurations",
            "apiVersion": "2017-12-01",
            "name": "[concat(parameters('server_name'), '/default_text_search_config')]",
            "dependsOn": [
                "[resourceId('Microsoft.DBforPostgreSQL/servers', parameters('server_name'))]"
            ],
            "properties": {
                "value": "pg_catalog.english",
                "source": "system-default"
            }
        },
        {
            "type": "Microsoft.DBforPostgreSQL/servers/configurations",
            "apiVersion": "2017-12-01",
            "name": "[concat(parameters('server_name'), '/default_transaction_deferrable')]",
            "dependsOn": [
                "[resourceId('Microsoft.DBforPostgreSQL/servers', parameters('server_name'))]"
            ],
            "properties": {
                "value": "off",
                "source": "system-default"
            }
        },
        {
            "type": "Microsoft.DBforPostgreSQL/servers/configurations",
            "apiVersion": "2017-12-01",
            "name": "[concat(parameters('server_name'), '/default_transaction_isolation')]",
            "dependsOn": [
                "[resourceId('Microsoft.DBforPostgreSQL/servers', parameters('server_name'))]"
            ],
            "properties": {
                "value": "read committed",
                "source": "system-default"
            }
        },
        {
            "type": "Microsoft.DBforPostgreSQL/servers/configurations",
            "apiVersion": "2017-12-01",
            "name": "[concat(parameters('server_name'), '/default_transaction_read_only')]",
            "dependsOn": [
                "[resourceId('Microsoft.DBforPostgreSQL/servers', parameters('server_name'))]"
            ],
            "properties": {
                "value": "off",
                "source": "system-default"
            }
        },
        {
            "type": "Microsoft.DBforPostgreSQL/servers/configurations",
            "apiVersion": "2017-12-01",
            "name": "[concat(parameters('server_name'), '/default_with_oids')]",
            "dependsOn": [
                "[resourceId('Microsoft.DBforPostgreSQL/servers', parameters('server_name'))]"
            ],
            "properties": {
                "value": "off",
                "source": "system-default"
            }
        },
        {
            "type": "Microsoft.DBforPostgreSQL/servers/configurations",
            "apiVersion": "2017-12-01",
            "name": "[concat(parameters('server_name'), '/enable_bitmapscan')]",
            "dependsOn": [
                "[resourceId('Microsoft.DBforPostgreSQL/servers', parameters('server_name'))]"
            ],
            "properties": {
                "value": "on",
                "source": "system-default"
            }
        },
        {
            "type": "Microsoft.DBforPostgreSQL/servers/configurations",
            "apiVersion": "2017-12-01",
            "name": "[concat(parameters('server_name'), '/enable_hashagg')]",
            "dependsOn": [
                "[resourceId('Microsoft.DBforPostgreSQL/servers', parameters('server_name'))]"
            ],
            "properties": {
                "value": "on",
                "source": "system-default"
            }
        },
        {
            "type": "Microsoft.DBforPostgreSQL/servers/configurations",
            "apiVersion": "2017-12-01",
            "name": "[concat(parameters('server_name'), '/enable_hashjoin')]",
            "dependsOn": [
                "[resourceId('Microsoft.DBforPostgreSQL/servers', parameters('server_name'))]"
            ],
            "properties": {
                "value": "on",
                "source": "system-default"
            }
        },
        {
            "type": "Microsoft.DBforPostgreSQL/servers/configurations",
            "apiVersion": "2017-12-01",
            "name": "[concat(parameters('server_name'), '/enable_indexonlyscan')]",
            "dependsOn": [
                "[resourceId('Microsoft.DBforPostgreSQL/servers', parameters('server_name'))]"
            ],
            "properties": {
                "value": "on",
                "source": "system-default"
            }
        },
        {
            "type": "Microsoft.DBforPostgreSQL/servers/configurations",
            "apiVersion": "2017-12-01",
            "name": "[concat(parameters('server_name'), '/enable_indexscan')]",
            "dependsOn": [
                "[resourceId('Microsoft.DBforPostgreSQL/servers', parameters('server_name'))]"
            ],
            "properties": {
                "value": "on",
                "source": "system-default"
            }
        },
        {
            "type": "Microsoft.DBforPostgreSQL/servers/configurations",
            "apiVersion": "2017-12-01",
            "name": "[concat(parameters('server_name'), '/enable_material')]",
            "dependsOn": [
                "[resourceId('Microsoft.DBforPostgreSQL/servers', parameters('server_name'))]"
            ],
            "properties": {
                "value": "on",
                "source": "system-default"
            }
        },
        {
            "type": "Microsoft.DBforPostgreSQL/servers/configurations",
            "apiVersion": "2017-12-01",
            "name": "[concat(parameters('server_name'), '/enable_mergejoin')]",
            "dependsOn": [
                "[resourceId('Microsoft.DBforPostgreSQL/servers', parameters('server_name'))]"
            ],
            "properties": {
                "value": "on",
                "source": "system-default"
            }
        },
        {
            "type": "Microsoft.DBforPostgreSQL/servers/configurations",
            "apiVersion": "2017-12-01",
            "name": "[concat(parameters('server_name'), '/enable_nestloop')]",
            "dependsOn": [
                "[resourceId('Microsoft.DBforPostgreSQL/servers', parameters('server_name'))]"
            ],
            "properties": {
                "value": "on",
                "source": "system-default"
            }
        },
        {
            "type": "Microsoft.DBforPostgreSQL/servers/configurations",
            "apiVersion": "2017-12-01",
            "name": "[concat(parameters('server_name'), '/enable_seqscan')]",
            "dependsOn": [
                "[resourceId('Microsoft.DBforPostgreSQL/servers', parameters('server_name'))]"
            ],
            "properties": {
                "value": "on",
                "source": "system-default"
            }
        },
        {
            "type": "Microsoft.DBforPostgreSQL/servers/configurations",
            "apiVersion": "2017-12-01",
            "name": "[concat(parameters('server_name'), '/enable_sort')]",
            "dependsOn": [
                "[resourceId('Microsoft.DBforPostgreSQL/servers', parameters('server_name'))]"
            ],
            "properties": {
                "value": "on",
                "source": "system-default"
            }
        },
        {
            "type": "Microsoft.DBforPostgreSQL/servers/configurations",
            "apiVersion": "2017-12-01",
            "name": "[concat(parameters('server_name'), '/enable_tidscan')]",
            "dependsOn": [
                "[resourceId('Microsoft.DBforPostgreSQL/servers', parameters('server_name'))]"
            ],
            "properties": {
                "value": "on",
                "source": "system-default"
            }
        },
        {
            "type": "Microsoft.DBforPostgreSQL/servers/configurations",
            "apiVersion": "2017-12-01",
            "name": "[concat(parameters('server_name'), '/escape_string_warning')]",
            "dependsOn": [
                "[resourceId('Microsoft.DBforPostgreSQL/servers', parameters('server_name'))]"
            ],
            "properties": {
                "value": "on",
                "source": "system-default"
            }
        },
        {
            "type": "Microsoft.DBforPostgreSQL/servers/configurations",
            "apiVersion": "2017-12-01",
            "name": "[concat(parameters('server_name'), '/exit_on_error')]",
            "dependsOn": [
                "[resourceId('Microsoft.DBforPostgreSQL/servers', parameters('server_name'))]"
            ],
            "properties": {
                "value": "off",
                "source": "system-default"
            }
        },
        {
            "type": "Microsoft.DBforPostgreSQL/servers/configurations",
            "apiVersion": "2017-12-01",
            "name": "[concat(parameters('server_name'), '/extra_float_digits')]",
            "dependsOn": [
                "[resourceId('Microsoft.DBforPostgreSQL/servers', parameters('server_name'))]"
            ],
            "properties": {
                "value": "0",
                "source": "system-default"
            }
        },
        {
            "type": "Microsoft.DBforPostgreSQL/servers/configurations",
            "apiVersion": "2017-12-01",
            "name": "[concat(parameters('server_name'), '/force_parallel_mode')]",
            "dependsOn": [
                "[resourceId('Microsoft.DBforPostgreSQL/servers', parameters('server_name'))]"
            ],
            "properties": {
                "value": "off",
                "source": "system-default"
            }
        },
        {
            "type": "Microsoft.DBforPostgreSQL/servers/configurations",
            "apiVersion": "2017-12-01",
            "name": "[concat(parameters('server_name'), '/from_collapse_limit')]",
            "dependsOn": [
                "[resourceId('Microsoft.DBforPostgreSQL/servers', parameters('server_name'))]"
            ],
            "properties": {
                "value": "8",
                "source": "system-default"
            }
        },
        {
            "type": "Microsoft.DBforPostgreSQL/servers/configurations",
            "apiVersion": "2017-12-01",
            "name": "[concat(parameters('server_name'), '/geqo')]",
            "dependsOn": [
                "[resourceId('Microsoft.DBforPostgreSQL/servers', parameters('server_name'))]"
            ],
            "properties": {
                "value": "on",
                "source": "system-default"
            }
        },
        {
            "type": "Microsoft.DBforPostgreSQL/servers/configurations",
            "apiVersion": "2017-12-01",
            "name": "[concat(parameters('server_name'), '/geqo_effort')]",
            "dependsOn": [
                "[resourceId('Microsoft.DBforPostgreSQL/servers', parameters('server_name'))]"
            ],
            "properties": {
                "value": "5",
                "source": "system-default"
            }
        },
        {
            "type": "Microsoft.DBforPostgreSQL/servers/configurations",
            "apiVersion": "2017-12-01",
            "name": "[concat(parameters('server_name'), '/geqo_generations')]",
            "dependsOn": [
                "[resourceId('Microsoft.DBforPostgreSQL/servers', parameters('server_name'))]"
            ],
            "properties": {
                "value": "0",
                "source": "system-default"
            }
        },
        {
            "type": "Microsoft.DBforPostgreSQL/servers/configurations",
            "apiVersion": "2017-12-01",
            "name": "[concat(parameters('server_name'), '/geqo_pool_size')]",
            "dependsOn": [
                "[resourceId('Microsoft.DBforPostgreSQL/servers', parameters('server_name'))]"
            ],
            "properties": {
                "value": "0",
                "source": "system-default"
            }
        },
        {
            "type": "Microsoft.DBforPostgreSQL/servers/configurations",
            "apiVersion": "2017-12-01",
            "name": "[concat(parameters('server_name'), '/geqo_seed')]",
            "dependsOn": [
                "[resourceId('Microsoft.DBforPostgreSQL/servers', parameters('server_name'))]"
            ],
            "properties": {
                "value": "0.0",
                "source": "system-default"
            }
        },
        {
            "type": "Microsoft.DBforPostgreSQL/servers/configurations",
            "apiVersion": "2017-12-01",
            "name": "[concat(parameters('server_name'), '/geqo_selection_bias')]",
            "dependsOn": [
                "[resourceId('Microsoft.DBforPostgreSQL/servers', parameters('server_name'))]"
            ],
            "properties": {
                "value": "2.0",
                "source": "system-default"
            }
        },
        {
            "type": "Microsoft.DBforPostgreSQL/servers/configurations",
            "apiVersion": "2017-12-01",
            "name": "[concat(parameters('server_name'), '/geqo_threshold')]",
            "dependsOn": [
                "[resourceId('Microsoft.DBforPostgreSQL/servers', parameters('server_name'))]"
            ],
            "properties": {
                "value": "12",
                "source": "system-default"
            }
        },
        {
            "type": "Microsoft.DBforPostgreSQL/servers/configurations",
            "apiVersion": "2017-12-01",
            "name": "[concat(parameters('server_name'), '/gin_fuzzy_search_limit')]",
            "dependsOn": [
                "[resourceId('Microsoft.DBforPostgreSQL/servers', parameters('server_name'))]"
            ],
            "properties": {
                "value": "0",
                "source": "system-default"
            }
        },
        {
            "type": "Microsoft.DBforPostgreSQL/servers/configurations",
            "apiVersion": "2017-12-01",
            "name": "[concat(parameters('server_name'), '/hot_standby_feedback')]",
            "dependsOn": [
                "[resourceId('Microsoft.DBforPostgreSQL/servers', parameters('server_name'))]"
            ],
            "properties": {
                "value": "off",
                "source": "system-default"
            }
        },
        {
            "type": "Microsoft.DBforPostgreSQL/servers/configurations",
            "apiVersion": "2017-12-01",
            "name": "[concat(parameters('server_name'), '/idle_in_transaction_session_timeout')]",
            "dependsOn": [
                "[resourceId('Microsoft.DBforPostgreSQL/servers', parameters('server_name'))]"
            ],
            "properties": {
                "value": "0",
                "source": "system-default"
            }
        },
        {
            "type": "Microsoft.DBforPostgreSQL/servers/configurations",
            "apiVersion": "2017-12-01",
            "name": "[concat(parameters('server_name'), '/intervalstyle')]",
            "dependsOn": [
                "[resourceId('Microsoft.DBforPostgreSQL/servers', parameters('server_name'))]"
            ],
            "properties": {
                "value": "postgres",
                "source": "system-default"
            }
        },
        {
            "type": "Microsoft.DBforPostgreSQL/servers/configurations",
            "apiVersion": "2017-12-01",
            "name": "[concat(parameters('server_name'), '/join_collapse_limit')]",
            "dependsOn": [
                "[resourceId('Microsoft.DBforPostgreSQL/servers', parameters('server_name'))]"
            ],
            "properties": {
                "value": "8",
                "source": "system-default"
            }
        },
        {
            "type": "Microsoft.DBforPostgreSQL/servers/configurations",
            "apiVersion": "2017-12-01",
            "name": "[concat(parameters('server_name'), '/lock_timeout')]",
            "dependsOn": [
                "[resourceId('Microsoft.DBforPostgreSQL/servers', parameters('server_name'))]"
            ],
            "properties": {
                "value": "0",
                "source": "system-default"
            }
        },
        {
            "type": "Microsoft.DBforPostgreSQL/servers/configurations",
            "apiVersion": "2017-12-01",
            "name": "[concat(parameters('server_name'), '/log_checkpoints')]",
            "dependsOn": [
                "[resourceId('Microsoft.DBforPostgreSQL/servers', parameters('server_name'))]"
            ],
            "properties": {
                "value": "on",
                "source": "system-default"
            }
        },
        {
            "type": "Microsoft.DBforPostgreSQL/servers/configurations",
            "apiVersion": "2017-12-01",
            "name": "[concat(parameters('server_name'), '/log_connections')]",
            "dependsOn": [
                "[resourceId('Microsoft.DBforPostgreSQL/servers', parameters('server_name'))]"
            ],
            "properties": {
                "value": "on",
                "source": "system-default"
            }
        },
        {
            "type": "Microsoft.DBforPostgreSQL/servers/configurations",
            "apiVersion": "2017-12-01",
            "name": "[concat(parameters('server_name'), '/log_disconnections')]",
            "dependsOn": [
                "[resourceId('Microsoft.DBforPostgreSQL/servers', parameters('server_name'))]"
            ],
            "properties": {
                "value": "off",
                "source": "system-default"
            }
        },
        {
            "type": "Microsoft.DBforPostgreSQL/servers/configurations",
            "apiVersion": "2017-12-01",
            "name": "[concat(parameters('server_name'), '/log_duration')]",
            "dependsOn": [
                "[resourceId('Microsoft.DBforPostgreSQL/servers', parameters('server_name'))]"
            ],
            "properties": {
                "value": "off",
                "source": "system-default"
            }
        },
        {
            "type": "Microsoft.DBforPostgreSQL/servers/configurations",
            "apiVersion": "2017-12-01",
            "name": "[concat(parameters('server_name'), '/log_error_verbosity')]",
            "dependsOn": [
                "[resourceId('Microsoft.DBforPostgreSQL/servers', parameters('server_name'))]"
            ],
            "properties": {
                "value": "default",
                "source": "system-default"
            }
        },
        {
            "type": "Microsoft.DBforPostgreSQL/servers/configurations",
            "apiVersion": "2017-12-01",
            "name": "[concat(parameters('server_name'), '/log_line_prefix')]",
            "dependsOn": [
                "[resourceId('Microsoft.DBforPostgreSQL/servers', parameters('server_name'))]"
            ],
            "properties": {
                "value": "%t-%c-",
                "source": "system-default"
            }
        },
        {
            "type": "Microsoft.DBforPostgreSQL/servers/configurations",
            "apiVersion": "2017-12-01",
            "name": "[concat(parameters('server_name'), '/log_lock_waits')]",
            "dependsOn": [
                "[resourceId('Microsoft.DBforPostgreSQL/servers', parameters('server_name'))]"
            ],
            "properties": {
                "value": "off",
                "source": "system-default"
            }
        },
        {
            "type": "Microsoft.DBforPostgreSQL/servers/configurations",
            "apiVersion": "2017-12-01",
            "name": "[concat(parameters('server_name'), '/log_min_duration_statement')]",
            "dependsOn": [
                "[resourceId('Microsoft.DBforPostgreSQL/servers', parameters('server_name'))]"
            ],
            "properties": {
                "value": "-1",
                "source": "system-default"
            }
        },
        {
            "type": "Microsoft.DBforPostgreSQL/servers/configurations",
            "apiVersion": "2017-12-01",
            "name": "[concat(parameters('server_name'), '/log_min_error_statement')]",
            "dependsOn": [
                "[resourceId('Microsoft.DBforPostgreSQL/servers', parameters('server_name'))]"
            ],
            "properties": {
                "value": "error",
                "source": "system-default"
            }
        },
        {
            "type": "Microsoft.DBforPostgreSQL/servers/configurations",
            "apiVersion": "2017-12-01",
            "name": "[concat(parameters('server_name'), '/log_min_messages')]",
            "dependsOn": [
                "[resourceId('Microsoft.DBforPostgreSQL/servers', parameters('server_name'))]"
            ],
            "properties": {
                "value": "warning",
                "source": "system-default"
            }
        },
        {
            "type": "Microsoft.DBforPostgreSQL/servers/configurations",
            "apiVersion": "2017-12-01",
            "name": "[concat(parameters('server_name'), '/log_retention_days')]",
            "dependsOn": [
                "[resourceId('Microsoft.DBforPostgreSQL/servers', parameters('server_name'))]"
            ],
            "properties": {
                "value": "3",
                "source": "system-default"
            }
        },
        {
            "type": "Microsoft.DBforPostgreSQL/servers/configurations",
            "apiVersion": "2017-12-01",
            "name": "[concat(parameters('server_name'), '/log_statement')]",
            "dependsOn": [
                "[resourceId('Microsoft.DBforPostgreSQL/servers', parameters('server_name'))]"
            ],
            "properties": {
                "value": "none",
                "source": "system-default"
            }
        },
        {
            "type": "Microsoft.DBforPostgreSQL/servers/configurations",
            "apiVersion": "2017-12-01",
            "name": "[concat(parameters('server_name'), '/log_statement_stats')]",
            "dependsOn": [
                "[resourceId('Microsoft.DBforPostgreSQL/servers', parameters('server_name'))]"
            ],
            "properties": {
                "value": "off",
                "source": "system-default"
            }
        },
        {
            "type": "Microsoft.DBforPostgreSQL/servers/configurations",
            "apiVersion": "2017-12-01",
            "name": "[concat(parameters('server_name'), '/logging_collector')]",
            "dependsOn": [
                "[resourceId('Microsoft.DBforPostgreSQL/servers', parameters('server_name'))]"
            ],
            "properties": {
                "value": "on",
                "source": "system-default"
            }
        },
        {
            "type": "Microsoft.DBforPostgreSQL/servers/configurations",
            "apiVersion": "2017-12-01",
            "name": "[concat(parameters('server_name'), '/max_parallel_workers')]",
            "dependsOn": [
                "[resourceId('Microsoft.DBforPostgreSQL/servers', parameters('server_name'))]"
            ],
            "properties": {
                "value": "8",
                "source": "system-default"
            }
        },
        {
            "type": "Microsoft.DBforPostgreSQL/servers/configurations",
            "apiVersion": "2017-12-01",
            "name": "[concat(parameters('server_name'), '/max_parallel_workers_per_gather')]",
            "dependsOn": [
                "[resourceId('Microsoft.DBforPostgreSQL/servers', parameters('server_name'))]"
            ],
            "properties": {
                "value": "2",
                "source": "system-default"
            }
        },
        {
            "type": "Microsoft.DBforPostgreSQL/servers/configurations",
            "apiVersion": "2017-12-01",
            "name": "[concat(parameters('server_name'), '/max_prepared_transactions')]",
            "dependsOn": [
                "[resourceId('Microsoft.DBforPostgreSQL/servers', parameters('server_name'))]"
            ],
            "properties": {
                "value": "0",
                "source": "system-default"
            }
        },
        {
            "type": "Microsoft.DBforPostgreSQL/servers/configurations",
            "apiVersion": "2017-12-01",
            "name": "[concat(parameters('server_name'), '/max_replication_slots')]",
            "dependsOn": [
                "[resourceId('Microsoft.DBforPostgreSQL/servers', parameters('server_name'))]"
            ],
            "properties": {
                "value": "10",
                "source": "system-default"
            }
        },
        {
            "type": "Microsoft.DBforPostgreSQL/servers/configurations",
            "apiVersion": "2017-12-01",
            "name": "[concat(parameters('server_name'), '/max_standby_archive_delay')]",
            "dependsOn": [
                "[resourceId('Microsoft.DBforPostgreSQL/servers', parameters('server_name'))]"
            ],
            "properties": {
                "value": "30000",
                "source": "system-default"
            }
        },
        {
            "type": "Microsoft.DBforPostgreSQL/servers/configurations",
            "apiVersion": "2017-12-01",
            "name": "[concat(parameters('server_name'), '/max_standby_streaming_delay')]",
            "dependsOn": [
                "[resourceId('Microsoft.DBforPostgreSQL/servers', parameters('server_name'))]"
            ],
            "properties": {
                "value": "30000",
                "source": "system-default"
            }
        },
        {
            "type": "Microsoft.DBforPostgreSQL/servers/configurations",
            "apiVersion": "2017-12-01",
            "name": "[concat(parameters('server_name'), '/max_wal_senders')]",
            "dependsOn": [
                "[resourceId('Microsoft.DBforPostgreSQL/servers', parameters('server_name'))]"
            ],
            "properties": {
                "value": "10",
                "source": "system-default"
            }
        },
        {
            "type": "Microsoft.DBforPostgreSQL/servers/configurations",
            "apiVersion": "2017-12-01",
            "name": "[concat(parameters('server_name'), '/min_parallel_index_scan_size')]",
            "dependsOn": [
                "[resourceId('Microsoft.DBforPostgreSQL/servers', parameters('server_name'))]"
            ],
            "properties": {
                "value": "524288",
                "source": "system-default"
            }
        },
        {
            "type": "Microsoft.DBforPostgreSQL/servers/configurations",
            "apiVersion": "2017-12-01",
            "name": "[concat(parameters('server_name'), '/min_parallel_table_scan_size')]",
            "dependsOn": [
                "[resourceId('Microsoft.DBforPostgreSQL/servers', parameters('server_name'))]"
            ],
            "properties": {
                "value": "8388608",
                "source": "system-default"
            }
        },
        {
            "type": "Microsoft.DBforPostgreSQL/servers/configurations",
            "apiVersion": "2017-12-01",
            "name": "[concat(parameters('server_name'), '/parallel_setup_cost')]",
            "dependsOn": [
                "[resourceId('Microsoft.DBforPostgreSQL/servers', parameters('server_name'))]"
            ],
            "properties": {
                "value": "1000",
                "source": "system-default"
            }
        },
        {
            "type": "Microsoft.DBforPostgreSQL/servers/configurations",
            "apiVersion": "2017-12-01",
            "name": "[concat(parameters('server_name'), '/parallel_tuple_cost')]",
            "dependsOn": [
                "[resourceId('Microsoft.DBforPostgreSQL/servers', parameters('server_name'))]"
            ],
            "properties": {
                "value": "0.1",
                "source": "system-default"
            }
        },
        {
            "type": "Microsoft.DBforPostgreSQL/servers/configurations",
            "apiVersion": "2017-12-01",
            "name": "[concat(parameters('server_name'), '/pg_qs.max_query_text_length')]",
            "dependsOn": [
                "[resourceId('Microsoft.DBforPostgreSQL/servers', parameters('server_name'))]"
            ],
            "properties": {
                "value": "6000",
                "source": "system-default"
            }
        },
        {
            "type": "Microsoft.DBforPostgreSQL/servers/configurations",
            "apiVersion": "2017-12-01",
            "name": "[concat(parameters('server_name'), '/pg_qs.query_capture_mode')]",
            "dependsOn": [
                "[resourceId('Microsoft.DBforPostgreSQL/servers', parameters('server_name'))]"
            ],
            "properties": {
                "value": "none",
                "source": "system-default"
            }
        },
        {
            "type": "Microsoft.DBforPostgreSQL/servers/configurations",
            "apiVersion": "2017-12-01",
            "name": "[concat(parameters('server_name'), '/pg_qs.replace_parameter_placeholders')]",
            "dependsOn": [
                "[resourceId('Microsoft.DBforPostgreSQL/servers', parameters('server_name'))]"
            ],
            "properties": {
                "value": "off",
                "source": "system-default"
            }
        },
        {
            "type": "Microsoft.DBforPostgreSQL/servers/configurations",
            "apiVersion": "2017-12-01",
            "name": "[concat(parameters('server_name'), '/pg_qs.retention_period_in_days')]",
            "dependsOn": [
                "[resourceId('Microsoft.DBforPostgreSQL/servers', parameters('server_name'))]"
            ],
            "properties": {
                "value": "7",
                "source": "system-default"
            }
        },
        {
            "type": "Microsoft.DBforPostgreSQL/servers/configurations",
            "apiVersion": "2017-12-01",
            "name": "[concat(parameters('server_name'), '/pg_qs.track_utility')]",
            "dependsOn": [
                "[resourceId('Microsoft.DBforPostgreSQL/servers', parameters('server_name'))]"
            ],
            "properties": {
                "value": "on",
                "source": "system-default"
            }
        },
        {
            "type": "Microsoft.DBforPostgreSQL/servers/configurations",
            "apiVersion": "2017-12-01",
            "name": "[concat(parameters('server_name'), '/pg_stat_statements.track')]",
            "dependsOn": [
                "[resourceId('Microsoft.DBforPostgreSQL/servers', parameters('server_name'))]"
            ],
            "properties": {
                "value": "top",
                "source": "system-default"
            }
        },
        {
            "type": "Microsoft.DBforPostgreSQL/servers/configurations",
            "apiVersion": "2017-12-01",
            "name": "[concat(parameters('server_name'), '/pgms_wait_sampling.history_period')]",
            "dependsOn": [
                "[resourceId('Microsoft.DBforPostgreSQL/servers', parameters('server_name'))]"
            ],
            "properties": {
                "value": "100",
                "source": "system-default"
            }
        },
        {
            "type": "Microsoft.DBforPostgreSQL/servers/configurations",
            "apiVersion": "2017-12-01",
            "name": "[concat(parameters('server_name'), '/pgms_wait_sampling.query_capture_mode')]",
            "dependsOn": [
                "[resourceId('Microsoft.DBforPostgreSQL/servers', parameters('server_name'))]"
            ],
            "properties": {
                "value": "none",
                "source": "system-default"
            }
        },
        {
            "type": "Microsoft.DBforPostgreSQL/servers/configurations",
            "apiVersion": "2017-12-01",
            "name": "[concat(parameters('server_name'), '/postgis.gdal_enabled_drivers')]",
            "dependsOn": [
                "[resourceId('Microsoft.DBforPostgreSQL/servers', parameters('server_name'))]"
            ],
            "properties": {
                "value": "DISABLE_ALL",
                "source": "system-default"
            }
        },
        {
            "type": "Microsoft.DBforPostgreSQL/servers/configurations",
            "apiVersion": "2017-12-01",
            "name": "[concat(parameters('server_name'), '/quote_all_identifiers')]",
            "dependsOn": [
                "[resourceId('Microsoft.DBforPostgreSQL/servers', parameters('server_name'))]"
            ],
            "properties": {
                "value": "off",
                "source": "system-default"
            }
        },
        {
            "type": "Microsoft.DBforPostgreSQL/servers/configurations",
            "apiVersion": "2017-12-01",
            "name": "[concat(parameters('server_name'), '/random_page_cost')]",
            "dependsOn": [
                "[resourceId('Microsoft.DBforPostgreSQL/servers', parameters('server_name'))]"
            ],
            "properties": {
                "value": "4.0",
                "source": "system-default"
            }
        },
        {
            "type": "Microsoft.DBforPostgreSQL/servers/configurations",
            "apiVersion": "2017-12-01",
            "name": "[concat(parameters('server_name'), '/search_path')]",
            "dependsOn": [
                "[resourceId('Microsoft.DBforPostgreSQL/servers', parameters('server_name'))]"
            ],
            "properties": {
                "value": "\"$user\", public",
                "source": "system-default"
            }
        },
        {
            "type": "Microsoft.DBforPostgreSQL/servers/configurations",
            "apiVersion": "2017-12-01",
            "name": "[concat(parameters('server_name'), '/seq_page_cost')]",
            "dependsOn": [
                "[resourceId('Microsoft.DBforPostgreSQL/servers', parameters('server_name'))]"
            ],
            "properties": {
                "value": "1.0",
                "source": "system-default"
            }
        },
        {
            "type": "Microsoft.DBforPostgreSQL/servers/configurations",
            "apiVersion": "2017-12-01",
            "name": "[concat(parameters('server_name'), '/shared_preload_libraries')]",
            "dependsOn": [
                "[resourceId('Microsoft.DBforPostgreSQL/servers', parameters('server_name'))]"
            ],
            "properties": {
                "source": "system-default"
            }
        },
        {
            "type": "Microsoft.DBforPostgreSQL/servers/configurations",
            "apiVersion": "2017-12-01",
            "name": "[concat(parameters('server_name'), '/statement_timeout')]",
            "dependsOn": [
                "[resourceId('Microsoft.DBforPostgreSQL/servers', parameters('server_name'))]"
            ],
            "properties": {
                "value": "0",
                "source": "system-default"
            }
        },
        {
            "type": "Microsoft.DBforPostgreSQL/servers/configurations",
            "apiVersion": "2017-12-01",
            "name": "[concat(parameters('server_name'), '/synchronize_seqscans')]",
            "dependsOn": [
                "[resourceId('Microsoft.DBforPostgreSQL/servers', parameters('server_name'))]"
            ],
            "properties": {
                "value": "on",
                "source": "system-default"
            }
        },
        {
            "type": "Microsoft.DBforPostgreSQL/servers/configurations",
            "apiVersion": "2017-12-01",
            "name": "[concat(parameters('server_name'), '/synchronous_commit')]",
            "dependsOn": [
                "[resourceId('Microsoft.DBforPostgreSQL/servers', parameters('server_name'))]"
            ],
            "properties": {
                "value": "on",
                "source": "system-default"
            }
        },
        {
            "type": "Microsoft.DBforPostgreSQL/servers/configurations",
            "apiVersion": "2017-12-01",
            "name": "[concat(parameters('server_name'), '/temp_buffers')]",
            "dependsOn": [
                "[resourceId('Microsoft.DBforPostgreSQL/servers', parameters('server_name'))]"
            ],
            "properties": {
                "value": "8192",
                "source": "system-default"
            }
        },
        {
            "type": "Microsoft.DBforPostgreSQL/servers/configurations",
            "apiVersion": "2017-12-01",
            "name": "[concat(parameters('server_name'), '/timezone')]",
            "dependsOn": [
                "[resourceId('Microsoft.DBforPostgreSQL/servers', parameters('server_name'))]"
            ],
            "properties": {
                "value": "UTC",
                "source": "system-default"
            }
        },
        {
            "type": "Microsoft.DBforPostgreSQL/servers/configurations",
            "apiVersion": "2017-12-01",
            "name": "[concat(parameters('server_name'), '/transform_null_equals')]",
            "dependsOn": [
                "[resourceId('Microsoft.DBforPostgreSQL/servers', parameters('server_name'))]"
            ],
            "properties": {
                "value": "off",
                "source": "system-default"
            }
        },
        {
            "type": "Microsoft.DBforPostgreSQL/servers/configurations",
            "apiVersion": "2017-12-01",
            "name": "[concat(parameters('server_name'), '/vacuum_defer_cleanup_age')]",
            "dependsOn": [
                "[resourceId('Microsoft.DBforPostgreSQL/servers', parameters('server_name'))]"
            ],
            "properties": {
                "value": "0",
                "source": "system-default"
            }
        },
        {
            "type": "Microsoft.DBforPostgreSQL/servers/configurations",
            "apiVersion": "2017-12-01",
            "name": "[concat(parameters('server_name'), '/work_mem')]",
            "dependsOn": [
                "[resourceId('Microsoft.DBforPostgreSQL/servers', parameters('server_name'))]"
            ],
            "properties": {
                "value": "4096",
                "source": "system-default"
            }
        },
        {
            "type": "Microsoft.DBforPostgreSQL/servers/configurations",
            "apiVersion": "2017-12-01",
            "name": "[concat(parameters('server_name'), '/xmlbinary')]",
            "dependsOn": [
                "[resourceId('Microsoft.DBforPostgreSQL/servers', parameters('server_name'))]"
            ],
            "properties": {
                "value": "base64",
                "source": "system-default"
            }
        },
        {
            "type": "Microsoft.DBforPostgreSQL/servers/configurations",
            "apiVersion": "2017-12-01",
            "name": "[concat(parameters('server_name'), '/xmloption')]",
            "dependsOn": [
                "[resourceId('Microsoft.DBforPostgreSQL/servers', parameters('server_name'))]"
            ],
            "properties": {
                "value": "content",
                "source": "system-default"
            }
        },
        {
            "type": "Microsoft.DBforPostgreSQL/servers/databases",
            "apiVersion": "2017-12-01",
            "name": "[concat(parameters('server_name'), '/azure_maintenance')]",
            "dependsOn": [
                "[resourceId('Microsoft.DBforPostgreSQL/servers', parameters('server_name'))]"
            ],
            "properties": {
                "charset": "UTF8",
                "collation": "English_United States.1252"
            }
        },
        {
            "type": "Microsoft.DBforPostgreSQL/servers/databases",
            "apiVersion": "2017-12-01",
            "name": "[concat(parameters('server_name'), '/azure_sys')]",
            "dependsOn": [
                "[resourceId('Microsoft.DBforPostgreSQL/servers', parameters('server_name'))]"
            ],
            "properties": {
                "charset": "UTF8",
                "collation": "English_United States.1252"
            }
        },
        {
            "type": "Microsoft.DBforPostgreSQL/servers/databases",
            "apiVersion": "2017-12-01",
            "name": "[concat(parameters('server_name'), '/postgres')]",
            "dependsOn": [
                "[resourceId('Microsoft.DBforPostgreSQL/servers', parameters('server_name'))]"
            ],
            "properties": {
                "charset": "UTF8",
                "collation": "English_United States.1252"
            }
        }
    ]
}